bank,file_start,file_end,cpu_start,cpu_end,classification,status,confidence,source_sha256,notes
0x00,0x000000,0x003fff,0x0000,0x3fff,header-and-code,fingerprinted,high,0a532063a3ff5750a464582aa7bbee2b6d42e1a92a136d9f4590e373487b615c,bank_sha256=9ab9912c96e422864a3de70459580c556b72f3f42affcef64a3a3b22f99bacb0; entropy=7.012638; unique_bytes=256; zero_bytes=701; ff_bytes=106
0x01,0x004000,0x007fff,0x4000,0x7fff,unclassified,fingerprinted,low,0a532063a3ff5750a464582aa7bbee2b6d42e1a92a136d9f4590e373487b615c,bank_sha256=13ab2efdae232923df7f112f485923bbbeab548e3cd5101a7be56a6985758cdd; entropy=6.888612; unique_bytes=256; zero_bytes=1714; ff_bytes=105
0x02,0x008000,0x00bfff,0x4000,0x7fff,unclassified,fingerprinted,low,0a532063a3ff5750a464582aa7bbee2b6d42e1a92a136d9f4590e373487b615c,bank_sha256=738732a785122d21a3171e3049432ab316f5c81efe0c50c23a4873634bbdd0ae; entropy=6.567769; unique_bytes=255; zero_bytes=2930; ff_bytes=595
0x03,0x00c000,0x00ffff,0x4000,0x7fff,unclassified,fingerprinted,low,0a532063a3ff5750a464582aa7bbee2b6d42e1a92a136d9f4590e373487b615c,bank_sha256=05092bfaf091331c7683f5d4c01d3211fef65d946106d29c21b64c0018690bb7; entropy=7.152285; unique_bytes=255; zero_bytes=564; ff_bytes=132
0x04,0x010000,0x013fff,0x4000,0x7fff,unclassified,fingerprinted,low,0a532063a3ff5750a464582aa7bbee2b6d42e1a92a136d9f4590e373487b615c,bank_sha256=f1b193e05d351b5d9a442e36aaf0484a1d9b349d5c073fafacc1d07054ae0051; entropy=7.047952; unique_bytes=256; zero_bytes=855; ff_bytes=788
0x05,0x014000,0x017fff,0x4000,0x7fff,unclassified,fingerprinted,low,0a532063a3ff5750a464582aa7bbee2b6d42e1a92a136d9f4590e373487b615c,bank_sha256=755be7425e0658115d69bdfd63669a7eabbd7fe6110041db2cb77236145ba744; entropy=7.205838; unique_bytes=256; zero_bytes=654; ff_bytes=322
0x06,0x018000,0x01bfff,0x4000,0x7fff,unclassified,fingerprinted,low,0a532063a3ff5750a464582aa7bbee2b6d42e1a92a136d9f4590e373487b615c,bank_sha256=5700c5ecee7d99cb9f82f5219512d88d2800ea4510fda27d40139535a79897c8; entropy=6.492214; unique_bytes=256; zero_bytes=1386; ff_bytes=351
0x07,0x01c000,0x01ffff,0x4000,0x7fff,unclassified,fingerprinted,low,0a532063a3ff5750a464582aa7bbee2b6d42e1a92a136d9f4590e373487b615c,bank_sha256=3ff01f0be31579d1c7369e057880fbfe0d0bc7af3bfab93e22762d662f9a3be5; entropy=6.566044; unique_bytes=256; zero_bytes=1633; ff_bytes=873
0x08,0x020000,0x023fff,0x4000,0x7fff,unclassified,fingerprinted,low,0a532063a3ff5750a464582aa7bbee2b6d42e1a92a136d9f4590e373487b615c,bank_sha256=f2fb50323c647a7be1ae6d154772b925f09f01f63b3dbdf0f3135542a7d9d8b8; entropy=6.583655; unique_bytes=256; zero_bytes=2005; ff_bytes=1276
0x09,0x024000,0x027fff,0x4000,0x7fff,unclassified,fingerprinted,low,0a532063a3ff5750a464582aa7bbee2b6d42e1a92a136d9f4590e373487b615c,bank_sha256=8242b150fc8a53183d65e2786b5108a9170edaa3765d4b7511fcdf4cdbb1ef92; entropy=7.184699; unique_bytes=256; zero_bytes=1059; ff_bytes=370
0x0a,0x028000,0x02bfff,0x4000,0x7fff,unclassified,fingerprinted,low,0a532063a3ff5750a464582aa7bbee2b6d42e1a92a136d9f4590e373487b615c,bank_sha256=ee88305cb2251f1ea36dfc0f019db784d9b90c7c8d9144e42a0dd93bace29e92; entropy=7.087601; unique_bytes=252; zero_bytes=567; ff_bytes=111
0x0b,0x02c000,0x02ffff,0x4000,0x7fff,unclassified,fingerprinted,low,0a532063a3ff5750a464582aa7bbee2b6d42e1a92a136d9f4590e373487b615c,bank_sha256=9d1a761dd682d7696e7c0d1a620f70a08006d6035fb7c77b21977474920efcf9; entropy=6.766523; unique_bytes=254; zero_bytes=991; ff_bytes=17
0x0c,0x030000,0x033fff,0x4000,0x7fff,unclassified,fingerprinted,low,0a532063a3ff5750a464582aa7bbee2b6d42e1a92a136d9f4590e373487b615c,bank_sha256=a22dd0b839a1b26e85c6e53a9fec54b54a4ca0fbacb226fa127359a263736d47; entropy=6.468876; unique_bytes=256; zero_bytes=2238; ff_bytes=788
0x0d,0x034000,0x037fff,0x4000,0x7fff,unclassified,fingerprinted,low,0a532063a3ff5750a464582aa7bbee2b6d42e1a92a136d9f4590e373487b615c,bank_sha256=7c36d5d13bc52a70bca0b1882196389f19f617c36ec16bd9ca6ea4b73caa2651; entropy=6.893532; unique_bytes=256; zero_bytes=179; ff_bytes=99
0x0e,0x038000,0x03bfff,0x4000,0x7fff,unclassified,fingerprinted,low,0a532063a3ff5750a464582aa7bbee2b6d42e1a92a136d9f4590e373487b615c,bank_sha256=d71a1e09d9cd038428dd55e2beca350a8149caef05488695b8f72640ecb71942; entropy=7.329174; unique_bytes=256; zero_bytes=931; ff_bytes=519
0x0f,0x03c000,0x03ffff,0x4000,0x7fff,unclassified,fingerprinted,low,0a532063a3ff5750a464582aa7bbee2b6d42e1a92a136d9f4590e373487b615c,bank_sha256=cf6b891cb0b48bd49c7a6d54027be9594d178e5b4f1d60637fe7d38662c1ac94; entropy=7.038553; unique_bytes=256; zero_bytes=381; ff_bytes=143
0x10,0x040000,0x043fff,0x4000,0x7fff,unclassified,fingerprinted,low,0a532063a3ff5750a464582aa7bbee2b6d42e1a92a136d9f4590e373487b615c,bank_sha256=27f9208987e5dc61dbc062bc96858d2639fa822836cb74e75eec1f3f4b834917; entropy=7.305549; unique_bytes=256; zero_bytes=1144; ff_bytes=309
0x11,0x044000,0x047fff,0x4000,0x7fff,unclassified,fingerprinted,low,0a532063a3ff5750a464582aa7bbee2b6d42e1a92a136d9f4590e373487b615c,bank_sha256=f9c1118d4c234e3e0b7e612c469f763fe36de0fc2d7eb79a6c37874e82646840; entropy=6.805769; unique_bytes=255; zero_bytes=377; ff_bytes=14
0x12,0x048000,0x04bfff,0x4000,0x7fff,unclassified,fingerprinted,low,0a532063a3ff5750a464582aa7bbee2b6d42e1a92a136d9f4590e373487b615c,bank_sha256=cbaae0de4e4a18341c857b07e72194a4e98316578dea2e25b316fae14d41222d; entropy=7.258782; unique_bytes=256; zero_bytes=624; ff_bytes=827
0x13,0x04c000,0x04ffff,0x4000,0x7fff,unclassified,fingerprinted,low,0a532063a3ff5750a464582aa7bbee2b6d42e1a92a136d9f4590e373487b615c,bank_sha256=451dcf6ab45ef4a8708d5d30aa236c748070480bf532df85e769363df97994d6; entropy=6.954328; unique_bytes=255; zero_bytes=1142; ff_bytes=318
0x14,0x050000,0x053fff,0x4000,0x7fff,unclassified,fingerprinted,low,0a532063a3ff5750a464582aa7bbee2b6d42e1a92a136d9f4590e373487b615c,bank_sha256=aefc41c2e5ff3ba6363785c4293a05fa561ee2219b4e092eab234217a6cc703b; entropy=6.973823; unique_bytes=256; zero_bytes=2212; ff_bytes=122
0x15,0x054000,0x057fff,0x4000,0x7fff,unclassified,fingerprinted,low,0a532063a3ff5750a464582aa7bbee2b6d42e1a92a136d9f4590e373487b615c,bank_sha256=9108dcfd4958b7b68441670e10e74da1e166065bb91da886aefae728ce1ce282; entropy=7.052608; unique_bytes=255; zero_bytes=707; ff_bytes=895
0x16,0x058000,0x05bfff,0x4000,0x7fff,unclassified,fingerprinted,low,0a532063a3ff5750a464582aa7bbee2b6d42e1a92a136d9f4590e373487b615c,bank_sha256=b7978ff71510d1afefb482feb869280db0f00ede2d7a348d08dd1928b90f1dce; entropy=6.996369; unique_bytes=256; zero_bytes=750; ff_bytes=976
0x17,0x05c000,0x05ffff,0x4000,0x7fff,unclassified,fingerprinted,low,0a532063a3ff5750a464582aa7bbee2b6d42e1a92a136d9f4590e373487b615c,bank_sha256=577f100ddd5ffa3c7d4aaad2c7ede5de7a98252f0f88638b9f6f07a91ad5dc2a; entropy=6.981373; unique_bytes=256; zero_bytes=828; ff_bytes=915
0x18,0x060000,0x063fff,0x4000,0x7fff,unclassified,fingerprinted,low,0a532063a3ff5750a464582aa7bbee2b6d42e1a92a136d9f4590e373487b615c,bank_sha256=641b528ea6d96b5f871c4237f84534c9ba19ecdde6ce62be7e59fb4c1b79dce4; entropy=6.917953; unique_bytes=256; zero_bytes=879; ff_bytes=1048
0x19,0x064000,0x067fff,0x4000,0x7fff,unclassified,fingerprinted,low,0a532063a3ff5750a464582aa7bbee2b6d42e1a92a136d9f4590e373487b615c,bank_sha256=8db2673b75db5c5f0f8e45e042cf49575b93f42c6bee2adc7210c501e216153f; entropy=6.897897; unique_bytes=256; zero_bytes=888; ff_bytes=1033
0x1a,0x068000,0x06bfff,0x4000,0x7fff,unclassified,fingerprinted,low,0a532063a3ff5750a464582aa7bbee2b6d42e1a92a136d9f4590e373487b615c,bank_sha256=920c2c35de4681aeb2baf9357c4445a3d586a0e96e60ebb2c91b41dbf7a1c04f; entropy=6.905994; unique_bytes=256; zero_bytes=823; ff_bytes=956
0x1b,0x06c000,0x06ffff,0x4000,0x7fff,unclassified,fingerprinted,low,0a532063a3ff5750a464582aa7bbee2b6d42e1a92a136d9f4590e373487b615c,bank_sha256=cc8d3b41a887297a6d4be066a234198c5bc6550e1ef4dbce0e364a10fa14dda7; entropy=6.932647; unique_bytes=256; zero_bytes=794; ff_bytes=1024
0x1c,0x070000,0x073fff,0x4000,0x7fff,unclassified,fingerprinted,low,0a532063a3ff5750a464582aa7bbee2b6d42e1a92a136d9f4590e373487b615c,bank_sha256=a1d4c8d59ed174f8e1b45324a8ce383cd8b2650242afe58667f2f170e78ecef4; entropy=6.929663; unique_bytes=256; zero_bytes=822; ff_bytes=976
0x1d,0x074000,0x077fff,0x4000,0x7fff,unclassified,fingerprinted,low,0a532063a3ff5750a464582aa7bbee2b6d42e1a92a136d9f4590e373487b615c,bank_sha256=0816cf0ea559a230cbe4dfbe295f5a4bac3fc98cedcb642b5bd8f47f4559c15b; entropy=6.879891; unique_bytes=256; zero_bytes=814; ff_bytes=925
0x1e,0x078000,0x07bfff,0x4000,0x7fff,unclassified,fingerprinted,low,0a532063a3ff5750a464582aa7bbee2b6d42e1a92a136d9f4590e373487b615c,bank_sha256=dfab70a50319559681ed73c2d584ec1552fcc4ecbb52ee7943c10cb7400c1061; entropy=6.802107; unique_bytes=256; zero_bytes=926; ff_bytes=1075
0x1f,0x07c000,0x07ffff,0x4000,0x7fff,unclassified,fingerprinted,low,0a532063a3ff5750a464582aa7bbee2b6d42e1a92a136d9f4590e373487b615c,bank_sha256=0ad81caf559382a604dd912be5f136f751d090350cf70e0f03ce77c4beffdd7a; entropy=7.081007; unique_bytes=256; zero_bytes=667; ff_bytes=887
0x20,0x080000,0x083fff,0x4000,0x7fff,unclassified,fingerprinted,low,0a532063a3ff5750a464582aa7bbee2b6d42e1a92a136d9f4590e373487b615c,bank_sha256=7c31268004996e141d3d3cbe33994bc3744eb2bf1732f7cecc8b356affad5873; entropy=7.042478; unique_bytes=256; zero_bytes=667; ff_bytes=907
0x21,0x084000,0x087fff,0x4000,0x7fff,unclassified,fingerprinted,low,0a532063a3ff5750a464582aa7bbee2b6d42e1a92a136d9f4590e373487b615c,bank_sha256=c4a987233b2848bda111cc3f23d289f324514f51c801d83411cc3f70472d114c; entropy=6.79397; unique_bytes=256; zero_bytes=1717; ff_bytes=1284
0x22,0x088000,0x08bfff,0x4000,0x7fff,unclassified,fingerprinted,low,0a532063a3ff5750a464582aa7bbee2b6d42e1a92a136d9f4590e373487b615c,bank_sha256=f60fc2b98cefb7a5e3f80441308a80087bb8653fb734219da216271eed9aa50e; entropy=6.976286; unique_bytes=255; zero_bytes=1082; ff_bytes=338
0x23,0x08c000,0x08ffff,0x4000,0x7fff,unclassified,fingerprinted,low,0a532063a3ff5750a464582aa7bbee2b6d42e1a92a136d9f4590e373487b615c,bank_sha256=fdaa953967574a7869a1996698dacf22b48f15f3a1fbbb402cc20b94c3756a41; entropy=6.634186; unique_bytes=255; zero_bytes=2754; ff_bytes=240
0x24,0x090000,0x093fff,0x4000,0x7fff,unclassified,fingerprinted,low,0a532063a3ff5750a464582aa7bbee2b6d42e1a92a136d9f4590e373487b615c,bank_sha256=317f3af401cbcd834aaaadf2a62743fda0139733b050c90cd2ac1616c386bd64; entropy=7.175509; unique_bytes=256; zero_bytes=873; ff_bytes=258
0x25,0x094000,0x097fff,0x4000,0x7fff,unclassified,fingerprinted,low,0a532063a3ff5750a464582aa7bbee2b6d42e1a92a136d9f4590e373487b615c,bank_sha256=b8f2776d6a3837cb2ddcb223a594d3633211175fe8810e89e1d0fbea8ffe617b; entropy=6.945838; unique_bytes=256; zero_bytes=1361; ff_bytes=34
0x26,0x098000,0x09bfff,0x4000,0x7fff,unclassified,fingerprinted,low,0a532063a3ff5750a464582aa7bbee2b6d42e1a92a136d9f4590e373487b615c,bank_sha256=cecca3f15426b41f0bce9a8ad6be1d741fd1340b2317e4a20dc7b29dfadc3c16; entropy=6.922343; unique_bytes=252; zero_bytes=1036; ff_bytes=391
0x27,0x09c000,0x09ffff,0x4000,0x7fff,unclassified,fingerprinted,low,0a532063a3ff5750a464582aa7bbee2b6d42e1a92a136d9f4590e373487b615c,bank_sha256=6fceb86932693c5d54b7b2b92521ac3d608a54812b072904704f9cd5841aeca3; entropy=6.962361; unique_bytes=256; zero_bytes=1115; ff_bytes=411
0x28,0x0a0000,0x0a3fff,0x4000,0x7fff,unclassified,fingerprinted,low,0a532063a3ff5750a464582aa7bbee2b6d42e1a92a136d9f4590e373487b615c,bank_sha256=b6b7ae991a8c86ac222d5cbb5715ee78c3878481fbff63e0cf4a7b1bddaedc21; entropy=7.020325; unique_bytes=256; zero_bytes=1251; ff_bytes=321
0x29,0x0a4000,0x0a7fff,0x4000,0x7fff,unclassified,fingerprinted,low,0a532063a3ff5750a464582aa7bbee2b6d42e1a92a136d9f4590e373487b615c,bank_sha256=261512f0852676bae162c15cd9f74d290f6a66e7f09e1423d203789c46120509; entropy=6.974104; unique_bytes=253; zero_bytes=1179; ff_bytes=383
0x2a,0x0a8000,0x0abfff,0x4000,0x7fff,unclassified,fingerprinted,low,0a532063a3ff5750a464582aa7bbee2b6d42e1a92a136d9f4590e373487b615c,bank_sha256=d3e7c5b2611ead5571d43c4d0881de81cc1547e29d5aaa5e5c0696733c4e85bc; entropy=5.808409; unique_bytes=128; zero_bytes=85; ff_bytes=0
0x2b,0x0ac000,0x0affff,0x4000,0x7fff,unclassified,fingerprinted,low,0a532063a3ff5750a464582aa7bbee2b6d42e1a92a136d9f4590e373487b615c,bank_sha256=a60a9c343221efff4ed426bd310d46261a030a6824071944d081905eb7074057; entropy=5.739295; unique_bytes=124; zero_bytes=166; ff_bytes=0
0x2c,0x0b0000,0x0b3fff,0x4000,0x7fff,unclassified,fingerprinted,low,0a532063a3ff5750a464582aa7bbee2b6d42e1a92a136d9f4590e373487b615c,bank_sha256=a4cff13f2a13a2574c050e3641360484c0caf16e1adc879b8b1933aa4e5f169c; entropy=6.967495; unique_bytes=254; zero_bytes=998; ff_bytes=324
0x2d,0x0b4000,0x0b7fff,0x4000,0x7fff,unclassified,fingerprinted,low,0a532063a3ff5750a464582aa7bbee2b6d42e1a92a136d9f4590e373487b615c,bank_sha256=6f5b73233f8b4357376e4646bccf6887832ecaf5c3548dd42ee61fb6e3ca1d3c; entropy=6.909906; unique_bytes=253; zero_bytes=1245; ff_bytes=532
0x2e,0x0b8000,0x0bbfff,0x4000,0x7fff,unclassified,fingerprinted,low,0a532063a3ff5750a464582aa7bbee2b6d42e1a92a136d9f4590e373487b615c,bank_sha256=325285a60469005325e6ce384448c3be81286f723ac0d7bad971d77e62efa719; entropy=6.441458; unique_bytes=256; zero_bytes=3128; ff_bytes=545
0x2f,0x0bc000,0x0bffff,0x4000,0x7fff,unclassified,fingerprinted,low,0a532063a3ff5750a464582aa7bbee2b6d42e1a92a136d9f4590e373487b615c,bank_sha256=79dedfed181f9689581ed03159642f632031a4062a89fed4165d2afd32714672; entropy=7.011737; unique_bytes=256; zero_bytes=1093; ff_bytes=315
0x30,0x0c0000,0x0c3fff,0x4000,0x7fff,unclassified,fingerprinted,low,0a532063a3ff5750a464582aa7bbee2b6d42e1a92a136d9f4590e373487b615c,bank_sha256=4a4bf9ecbb1b7a8fc36687f4d3a7428464d12353c17c27f096fa5e6bd2229ef5; entropy=6.082367; unique_bytes=209; zero_bytes=748; ff_bytes=147
0x31,0x0c4000,0x0c7fff,0x4000,0x7fff,unclassified,fingerprinted,low,0a532063a3ff5750a464582aa7bbee2b6d42e1a92a136d9f4590e373487b615c,bank_sha256=3bb18fde9ebf56c01b3a7600cf8d9d850de617e4323740a1b268b8d9c5498c4f; entropy=5.976379; unique_bytes=254; zero_bytes=2916; ff_bytes=170
0x32,0x0c8000,0x0cbfff,0x4000,0x7fff,unclassified,fingerprinted,low,0a532063a3ff5750a464582aa7bbee2b6d42e1a92a136d9f4590e373487b615c,bank_sha256=b031e8a34b9a8329598c236415094dd7e0add76928292237aca1d720dd489ef3; entropy=6.445953; unique_bytes=255; zero_bytes=2136; ff_bytes=369
0x33,0x0cc000,0x0cffff,0x4000,0x7fff,unclassified,fingerprinted,low,0a532063a3ff5750a464582aa7bbee2b6d42e1a92a136d9f4590e373487b615c,bank_sha256=bacd9e3cc3a01f8e5051b4c6d31c9b4d5abf39d121998a33c6b72d8aac04f79e; entropy=6.503545; unique_bytes=256; zero_bytes=2270; ff_bytes=155
0x34,0x0d0000,0x0d3fff,0x4000,0x7fff,unclassified,fingerprinted,low,0a532063a3ff5750a464582aa7bbee2b6d42e1a92a136d9f4590e373487b615c,bank_sha256=6f69b97a05ff9d4b5ef483ddc80a00c63006d0ef480fe6f96e39a0b8d1ffab5e; entropy=7.020434; unique_bytes=255; zero_bytes=1095; ff_bytes=465
0x35,0x0d4000,0x0d7fff,0x4000,0x7fff,unclassified,fingerprinted,low,0a532063a3ff5750a464582aa7bbee2b6d42e1a92a136d9f4590e373487b615c,bank_sha256=2a63f6a85e200cb500e01019fdfc749f47dde15ed90e060bd473d7b373df2096; entropy=7.024804; unique_bytes=255; zero_bytes=1072; ff_bytes=478
0x36,0x0d8000,0x0dbfff,0x4000,0x7fff,unclassified,fingerprinted,low,0a532063a3ff5750a464582aa7bbee2b6d42e1a92a136d9f4590e373487b615c,bank_sha256=a7d2c3feb585e49bd5935a863340da5fe5807e129005f608b5283a6f2bffdc27; entropy=6.98841; unique_bytes=256; zero_bytes=1166; ff_bytes=237
0x37,0x0dc000,0x0dffff,0x4000,0x7fff,unclassified,fingerprinted,low,0a532063a3ff5750a464582aa7bbee2b6d42e1a92a136d9f4590e373487b615c,bank_sha256=88f10cbfed5b30c41f4ccf66a44716609a1237d81f7e592ddd893a25deeb4233; entropy=6.494348; unique_bytes=255; zero_bytes=1663; ff_bytes=483
0x38,0x0e0000,0x0e3fff,0x4000,0x7fff,unclassified,fingerprinted,low,0a532063a3ff5750a464582aa7bbee2b6d42e1a92a136d9f4590e373487b615c,bank_sha256=6ab3145ba0924c22ef425672bf18ed91f3b14d283596e773da1969a725510cb9; entropy=7.092489; unique_bytes=256; zero_bytes=1113; ff_bytes=533
0x39,0x0e4000,0x0e7fff,0x4000,0x7fff,unclassified,fingerprinted,low,0a532063a3ff5750a464582aa7bbee2b6d42e1a92a136d9f4590e373487b615c,bank_sha256=7d3940cc0d744412a1decb84ba58658b90d4b48c3669c066ac8e6829a9f08d23; entropy=7.018635; unique_bytes=256; zero_bytes=1325; ff_bytes=1092
0x3a,0x0e8000,0x0ebfff,0x4000,0x7fff,unclassified,fingerprinted,low,0a532063a3ff5750a464582aa7bbee2b6d42e1a92a136d9f4590e373487b615c,bank_sha256=149fef7bdd16f641d0e02357efe795c3f93da662ae17439628d522da78dfcab5; entropy=6.998168; unique_bytes=255; zero_bytes=567; ff_bytes=171
0x3b,0x0ec000,0x0effff,0x4000,0x7fff,unclassified,fingerprinted,low,0a532063a3ff5750a464582aa7bbee2b6d42e1a92a136d9f4590e373487b615c,bank_sha256=68e6906258ba11cae661dadce943da3fa017c9cf71e3a30ab25d0add58968a68; entropy=6.374539; unique_bytes=247; zero_bytes=1245; ff_bytes=128
0x3c,0x0f0000,0x0f3fff,0x4000,0x7fff,unclassified,fingerprinted,low,0a532063a3ff5750a464582aa7bbee2b6d42e1a92a136d9f4590e373487b615c,bank_sha256=ba4fd7eb676c460e49148b570a47fcd00ba137826c66f967e9da36012bacfdd4; entropy=6.699448; unique_bytes=256; zero_bytes=1652; ff_bytes=572
0x3d,0x0f4000,0x0f7fff,0x4000,0x7fff,unclassified,fingerprinted,low,0a532063a3ff5750a464582aa7bbee2b6d42e1a92a136d9f4590e373487b615c,bank_sha256=c949b705d2cfbb923ff2af60f19fd9c47452f1e654c0ac56bb35e7429c9ad6ed; entropy=6.525259; unique_bytes=247; zero_bytes=1104; ff_bytes=149
0x3e,0x0f8000,0x0fbfff,0x4000,0x7fff,unclassified,fingerprinted,low,0a532063a3ff5750a464582aa7bbee2b6d42e1a92a136d9f4590e373487b615c,bank_sha256=21d8c3f930b5b57108928698c72e46c74600b671db8bd003125f89095d168796; entropy=5.520882; unique_bytes=256; zero_bytes=1567; ff_bytes=4459
0x3f,0x0fc000,0x0fffff,0x4000,0x7fff,unclassified,fingerprinted,low,0a532063a3ff5750a464582aa7bbee2b6d42e1a92a136d9f4590e373487b615c,bank_sha256=cfe0b92c05bdc018fdacfa03bb4493ee763650314ebfe75146b9d7ddd214692e; entropy=7.06082; unique_bytes=256; zero_bytes=1077; ff_bytes=1175
